,id,first_name,last_name,email
0,1,Riley,Henken,rhenken0@shinystat.com
1,2,Odelle,Izzard,oizzard1@arstechnica.com
2,3,Ravi,Harrowing,rharrowing2@alexa.com
3,4,Faunie,Margetson,fmargetson3@hc360.com
4,5,Bobine,Trass,btrass4@bloomberg.com
5,6,Marty,Cornehl,mcornehl5@google.nl
6,7,Nickolai,Dinse,ndinse6@umn.edu
7,8,Dana,Dibsdale,ddibsdale7@vk.com
8,9,Florentia,Craythorne,fcraythorne8@yahoo.co.jp
9,10,Rabi,Furber,rfurber9@japanpost.jp
10,11,Marlon,Atlee,matleea@bluehost.com
11,12,Aymer,Welband,awelbandb@last.fm
12,13,Saunderson,Ebbing,sebbingc@dagondesign.com
13,14,Karina,Antic,kanticd@patch.com
14,15,Daile,Tattershaw,dtattershawe@columbia.edu
15,16,Jarid,Arrighini,jarrighinif@123-reg.co.uk
16,17,Claudell,Rawdall,crawdallg@shop-pro.jp
17,18,Gregory,Jeaycock,gjeaycockh@senate.gov
18,19,Cortney,Sheavills,csheavillsi@msn.com
19,20,Chelsey,Cluatt,ccluattj@buzzfeed.com
20,21,Gibby,Maunsell,gmaunsellk@ebay.co.uk
21,22,Aurilia,Gamlin,agamlinl@mapy.cz
22,23,Ray,Apps,rappsm@people.com.cn
23,24,Evin,Van der Son,evandersonn@vimeo.com
24,25,Quintus,Perle,qperleo@chron.com
25,26,Raddie,Gatrell,rgatrellp@flavors.me
26,27,Park,Ranns,prannsq@google.cn
27,28,Lethia,Shadwick,lshadwickr@wikispaces.com
28,29,Carly,Moore,cmoores@gravatar.com
29,30,Cristin,McGrale,cmcgralet@scribd.com
