,first_name,last_name,email,gender
0,Riley,Henken,rhenken0@shinystat.com,Male
1,Odelle,Izzard,oizzard1@arstechnica.com,Female
2,Ravi,Harrowing,rharrowing2@alexa.com,Male
3,Faunie,Margetson,fmargetson3@hc360.com,Female
4,Bobine,Trass,btrass4@bloomberg.com,Female
5,Marty,Cornehl,mcornehl5@google.nl,Female
6,Nickolai,Dinse,ndinse6@umn.edu,Male
7,Dana,Dibsdale,ddibsdale7@vk.com,Female
8,Florentia,Craythorne,fcraythorne8@yahoo.co.jp,Female
9,Rabi,Furber,rfurber9@japanpost.jp,Male
10,Marlon,Atlee,matleea@bluehost.com,Male
11,Aymer,Welband,awelbandb@last.fm,Male
12,Saunderson,Ebbing,sebbingc@dagondesign.com,Male
13,Karina,Antic,kanticd@patch.com,Female
14,Daile,Tattershaw,dtattershawe@columbia.edu,Female
15,Jarid,Arrighini,jarrighinif@123-reg.co.uk,Male
16,Claudell,Rawdall,crawdallg@shop-pro.jp,Male
17,Gregory,Jeaycock,gjeaycockh@senate.gov,Male
18,Cortney,Sheavills,csheavillsi@msn.com,Female
19,Chelsey,Cluatt,ccluattj@buzzfeed.com,Female
20,Gibby,Maunsell,gmaunsellk@ebay.co.uk,Male
21,Aurilia,Gamlin,agamlinl@mapy.cz,Female
22,Ray,Apps,rappsm@people.com.cn,Male
23,Evin,Van der Son,evandersonn@vimeo.com,Male
24,Quintus,Perle,qperleo@chron.com,Male
25,Raddie,Gatrell,rgatrellp@flavors.me,Male
26,Park,Ranns,prannsq@google.cn,Male
27,Lethia,Shadwick,lshadwickr@wikispaces.com,Female
28,Carly,Moore,cmoores@gravatar.com,Male
29,Cristin,McGrale,cmcgralet@scribd.com,Female
